month,docs_processed,errors,avg_confidence,storage_gb,pdf_count,image_count,audio_count,web_count
2024-01,157,19,0.895,15.7,88,35,27,38
2024-02,335,23,0.847,16.2,69,79,19,25
2024-03,284,8,0.873,19.3,86,40,21,42
2024-04,287,13,0.918,22.1,49,68,30,30
2024-05,320,10,0.885,23.5,111,44,31,40
2024-06,238,12,0.935,26.9,91,47,12,33
2024-07,386,11,0.912,28.4,98,39,18,28
2024-08,366,22,0.895,31.4,94,67,22,43
2024-09,367,9,0.891,32.4,46,37,14,60
2024-10,351,18,0.903,35.3,116,59,26,36
2024-11,290,8,0.915,37.9,74,79,30,41
2024-12,357,14,0.881,40.0,73,62,34,31
